               epoch,      train/box_loss,      train/obj_loss,      train/cls_loss,   metrics/precision,      metrics/recall,     metrics/mAP_0.5,metrics/mAP_0.5:0.95,        val/box_loss,        val/obj_loss,        val/cls_loss,               x/lr0,               x/lr1,               x/lr2
                   0,             0.10086,            0.052085,            0.038214,                   0,                   0,                   0,                   0,            0.063405,              0.0404,            0.024532,              0.0721,              0.0031,              0.0031
                   1,            0.083133,            0.062718,            0.034901,           0.0022256,               0.117,            0.001546,          0.00027239,            0.062408,               0.041,            0.024591,            0.043269,           0.0062688,           0.0062688
                   2,            0.075087,            0.057394,            0.030146,            0.014008,             0.66395,            0.067689,            0.019183,            0.059881,            0.041007,            0.024369,            0.014406,           0.0094059,           0.0094059
                   3,            0.071147,            0.053363,            0.025113,             0.50865,             0.35861,             0.18597,            0.069043,            0.046635,            0.036136,            0.014604,           0.0098515,           0.0098515,           0.0098515
                   4,            0.065853,            0.051363,             0.01983,             0.19773,             0.46636,             0.23225,            0.077745,            0.045659,            0.038472,           0.0096159,           0.0098515,           0.0098515,           0.0098515
                   5,            0.060153,            0.049431,            0.015228,             0.38337,             0.63985,             0.48165,             0.15449,            0.038778,            0.035859,           0.0070656,            0.009802,            0.009802,            0.009802
                   6,            0.056509,            0.047374,            0.012359,              0.4559,              0.6319,             0.53832,             0.17383,            0.043463,            0.031458,           0.0036518,           0.0097525,           0.0097525,           0.0097525
                   7,            0.053205,            0.046192,           0.0096837,              0.6148,             0.88461,             0.73658,             0.30315,            0.032701,            0.029095,           0.0025469,            0.009703,            0.009703,            0.009703
                   8,            0.049112,            0.043585,           0.0078251,             0.91011,             0.93642,             0.96592,             0.45963,            0.023845,             0.02929,            0.001695,           0.0096535,           0.0096535,           0.0096535
                   9,            0.047515,            0.044407,           0.0065438,             0.78585,             0.93241,             0.97148,             0.48639,             0.02471,            0.026913,           0.0018489,            0.009604,            0.009604,            0.009604
                  10,            0.044589,            0.042027,           0.0066106,             0.77453,             0.90413,             0.88153,             0.39704,            0.028361,             0.03043,           0.0012768,           0.0095545,           0.0095545,           0.0095545
                  11,             0.04451,            0.041985,           0.0053697,             0.84533,             0.91235,             0.88138,              0.3791,            0.026254,            0.026247,           0.0010247,            0.009505,            0.009505,            0.009505
                  12,            0.042699,            0.039796,           0.0057971,             0.96448,              0.9865,             0.99111,             0.53303,            0.024045,            0.025308,           0.0012694,           0.0094555,           0.0094555,           0.0094555
                  13,             0.04118,            0.040141,           0.0059181,             0.96541,             0.99077,              0.9917,             0.61586,             0.02252,             0.02478,           0.0017222,            0.009406,            0.009406,            0.009406
                  14,            0.039843,            0.038147,           0.0044486,             0.98236,             0.98319,              0.9929,              0.5422,            0.021871,            0.024606,           0.0011246,           0.0093565,           0.0093565,           0.0093565
                  15,            0.038965,            0.038108,           0.0045811,             0.96706,             0.97951,             0.99004,             0.56912,            0.021858,            0.023848,           0.0010297,            0.009307,            0.009307,            0.009307
                  16,            0.038798,            0.037646,           0.0044281,              0.9849,             0.99009,             0.99325,             0.58715,            0.019955,            0.024164,          0.00098373,           0.0092575,           0.0092575,           0.0092575
                  17,            0.037715,            0.037081,           0.0036608,              0.9758,             0.99337,             0.99099,             0.60966,            0.019418,            0.024143,           0.0011337,            0.009208,            0.009208,            0.009208
                  18,            0.038858,            0.037043,           0.0043154,             0.98491,             0.99686,             0.99342,              0.5709,            0.022337,            0.023171,          0.00098047,           0.0091585,           0.0091585,           0.0091585
                  19,            0.036225,            0.034505,           0.0039669,             0.96693,             0.99216,             0.99136,             0.59612,            0.019258,            0.024408,          0.00090734,            0.009109,            0.009109,            0.009109
                  20,             0.03585,            0.034321,           0.0040099,             0.97719,             0.99624,              0.9917,             0.63615,             0.01973,            0.023051,          0.00098598,           0.0090595,           0.0090595,           0.0090595
                  21,            0.035949,            0.036095,           0.0039009,              0.9873,             0.98721,             0.99283,             0.61816,            0.019619,            0.023458,           0.0012727,             0.00901,             0.00901,             0.00901
                  22,            0.035096,            0.034856,           0.0031235,             0.97539,             0.99179,             0.98823,              0.6283,            0.018128,            0.022973,          0.00079798,           0.0089605,           0.0089605,           0.0089605
                  23,            0.034769,            0.034619,           0.0032971,             0.98466,             0.99049,              0.9924,               0.632,            0.020073,            0.022717,          0.00079833,            0.008911,            0.008911,            0.008911
                  24,            0.034598,             0.03412,           0.0033847,             0.96595,             0.99451,             0.99152,             0.65012,            0.019258,            0.022264,          0.00083281,           0.0088615,           0.0088615,           0.0088615
                  25,            0.033485,            0.033451,           0.0029961,             0.97966,             0.99686,             0.99162,             0.62321,            0.019288,            0.022754,           0.0010723,            0.008812,            0.008812,            0.008812
                  26,            0.032488,            0.034015,            0.002909,             0.97552,             0.99112,             0.99063,             0.65183,            0.017806,            0.022972,           0.0014881,           0.0087625,           0.0087625,           0.0087625
                  27,            0.033183,            0.033429,           0.0027694,             0.97766,             0.98973,             0.99254,             0.64277,            0.017005,            0.022903,           0.0012302,            0.008713,            0.008713,            0.008713
                  28,            0.032349,            0.032715,           0.0027814,             0.97959,             0.99686,             0.99095,             0.61826,            0.019145,            0.022775,          0.00084822,           0.0086635,           0.0086635,           0.0086635
                  29,            0.031559,            0.033298,           0.0035229,             0.97656,             0.98625,             0.99087,              0.6129,            0.017939,            0.021908,          0.00084289,            0.008614,            0.008614,            0.008614
                  30,            0.031658,             0.03351,           0.0029855,             0.98208,             0.99641,              0.9933,              0.6514,            0.017507,            0.021943,          0.00077072,           0.0085645,           0.0085645,           0.0085645
                  31,            0.030712,            0.031594,           0.0033878,             0.98269,             0.99415,             0.99301,             0.65085,             0.01761,            0.022703,          0.00091646,            0.008515,            0.008515,            0.008515
                  32,            0.031727,            0.032242,           0.0028959,             0.98004,             0.99569,              0.9912,             0.63921,            0.017756,            0.022131,          0.00099896,           0.0084655,           0.0084655,           0.0084655
                  33,            0.032835,            0.033514,           0.0031486,             0.98693,             0.99465,             0.99241,             0.64783,            0.018133,            0.021787,          0.00095658,            0.008416,            0.008416,            0.008416
                  34,            0.031248,            0.032412,           0.0025857,             0.98438,             0.99268,             0.99202,             0.66459,            0.017241,            0.021762,           0.0008287,           0.0083665,           0.0083665,           0.0083665
                  35,            0.031327,            0.031755,           0.0032538,             0.98097,              0.9907,             0.99183,             0.64869,            0.017501,            0.021798,          0.00082011,            0.008317,            0.008317,            0.008317
                  36,            0.030653,            0.031438,           0.0026145,             0.98126,             0.99638,             0.99155,             0.63466,            0.017325,             0.02187,          0.00084214,           0.0082675,           0.0082675,           0.0082675
                  37,            0.030555,            0.032325,           0.0024529,             0.98426,             0.99269,             0.99237,             0.63465,            0.017882,            0.022401,          0.00084844,            0.008218,            0.008218,            0.008218
                  38,             0.02957,            0.031708,           0.0025903,             0.97801,             0.99537,             0.99125,             0.60533,            0.017902,            0.022331,          0.00095226,           0.0081685,           0.0081685,           0.0081685
                  39,            0.030672,            0.033129,           0.0026973,             0.98893,              0.9937,             0.99296,             0.65714,            0.016973,            0.022116,          0.00075924,            0.008119,            0.008119,            0.008119
                  40,            0.029075,            0.030829,           0.0022286,             0.98583,             0.99686,             0.99225,             0.63718,            0.017189,            0.022233,           0.0009298,           0.0080695,           0.0080695,           0.0080695
                  41,            0.029077,            0.030689,           0.0027843,             0.98154,             0.99385,             0.99274,             0.65602,            0.016762,            0.022403,          0.00077105,             0.00802,             0.00802,             0.00802
                  42,            0.029286,            0.031495,           0.0019554,              0.9795,              0.9924,             0.99133,             0.66432,            0.016903,            0.021565,          0.00066676,           0.0079705,           0.0079705,           0.0079705
                  43,            0.029479,            0.031153,           0.0024581,             0.98701,             0.99217,             0.99218,             0.64445,            0.017162,            0.021041,          0.00077384,            0.007921,            0.007921,            0.007921
                  44,            0.030124,              0.0309,           0.0020649,             0.98467,              0.9964,             0.99288,             0.66284,             0.01743,            0.021016,          0.00066097,           0.0078715,           0.0078715,           0.0078715
                  45,            0.028389,            0.030749,            0.002435,              0.9865,             0.98941,             0.99255,             0.65419,             0.01704,              0.0212,          0.00071812,            0.007822,            0.007822,            0.007822
                  46,             0.02887,            0.030871,           0.0020661,             0.98468,             0.99273,             0.99291,             0.66748,            0.016823,            0.021808,          0.00089443,           0.0077725,           0.0077725,           0.0077725
                  47,            0.028539,             0.03082,           0.0022508,             0.98019,             0.99465,             0.99202,             0.66904,             0.01635,            0.021221,          0.00068572,            0.007723,            0.007723,            0.007723
                  48,            0.027417,            0.028776,           0.0021211,             0.98294,             0.99686,             0.99135,             0.66824,             0.01646,              0.0221,          0.00081224,           0.0076735,           0.0076735,           0.0076735
                  49,            0.028086,            0.029089,             0.00268,             0.98531,             0.99686,             0.99154,             0.68008,            0.016491,            0.021863,          0.00068493,            0.007624,            0.007624,            0.007624
                  50,            0.027503,            0.029693,           0.0021798,             0.98377,             0.99439,             0.99226,             0.69163,            0.015953,            0.020904,          0.00081954,           0.0075745,           0.0075745,           0.0075745
                  51,            0.028035,            0.030372,           0.0022258,             0.98007,             0.99336,             0.99174,             0.66496,            0.017011,            0.021564,          0.00088255,            0.007525,            0.007525,            0.007525
                  52,            0.026827,            0.028789,           0.0022713,             0.98652,             0.99686,             0.99122,             0.67375,            0.016592,            0.022123,          0.00073024,           0.0074755,           0.0074755,           0.0074755
                  53,            0.027673,            0.029715,           0.0025055,             0.98431,             0.99686,             0.99204,             0.64334,            0.017076,            0.021729,          0.00071189,            0.007426,            0.007426,            0.007426
                  54,            0.027135,             0.02939,           0.0021395,              0.9847,             0.99686,             0.99293,             0.66435,            0.016323,             0.02147,          0.00071275,           0.0073765,           0.0073765,           0.0073765
                  55,            0.026956,            0.029247,           0.0020755,             0.98767,             0.99686,             0.99363,             0.65365,            0.016662,            0.021266,          0.00062978,            0.007327,            0.007327,            0.007327
                  56,            0.027796,            0.029062,           0.0023766,             0.98967,              0.9946,             0.99428,             0.66952,            0.016164,            0.022028,          0.00071717,           0.0072775,           0.0072775,           0.0072775
                  57,            0.026404,            0.029015,           0.0018375,             0.98877,             0.99645,             0.99129,             0.67814,            0.016508,            0.021038,          0.00086562,            0.007228,            0.007228,            0.007228
                  58,            0.026494,            0.028791,           0.0021625,             0.98861,             0.99686,             0.99213,             0.67994,            0.016288,            0.021531,          0.00067418,           0.0071785,           0.0071785,           0.0071785
                  59,            0.026403,            0.030109,           0.0017621,             0.98631,             0.99611,             0.99157,             0.67995,            0.016287,            0.022075,          0.00068221,            0.007129,            0.007129,            0.007129
                  60,            0.026763,            0.029597,           0.0021307,              0.9827,             0.99513,             0.99284,             0.66316,            0.016872,            0.022406,          0.00060865,           0.0070795,           0.0070795,           0.0070795
                  61,            0.027153,            0.028958,            0.002126,             0.98692,             0.99686,              0.9932,             0.69048,            0.016045,            0.021516,          0.00062249,             0.00703,             0.00703,             0.00703
                  62,            0.025466,            0.028725,           0.0018499,             0.98669,             0.99176,             0.99265,             0.67693,            0.016323,            0.022093,          0.00068092,           0.0069805,           0.0069805,           0.0069805
                  63,            0.025427,            0.027983,           0.0016644,             0.98465,             0.99216,             0.99145,             0.65177,            0.017317,            0.022624,           0.0007919,            0.006931,            0.006931,            0.006931
                  64,             0.02625,             0.02932,           0.0021547,             0.98642,             0.99353,             0.99264,              0.6778,            0.015901,            0.021187,          0.00063223,           0.0068815,           0.0068815,           0.0068815
                  65,             0.02607,            0.028978,           0.0021634,             0.98486,             0.98997,             0.99347,             0.65976,            0.016655,            0.021792,          0.00056815,            0.006832,            0.006832,            0.006832
                  66,            0.026583,            0.028868,           0.0017467,             0.98565,             0.99686,             0.99245,             0.67894,            0.016058,            0.021179,          0.00057757,           0.0067825,           0.0067825,           0.0067825
                  67,            0.026246,            0.029601,           0.0020022,             0.98525,             0.98959,             0.99358,             0.68096,            0.016544,            0.021316,          0.00080327,            0.006733,            0.006733,            0.006733
                  68,            0.024395,            0.028259,           0.0019663,             0.98368,             0.99672,             0.99324,             0.69257,            0.015896,            0.020706,          0.00063717,           0.0066835,           0.0066835,           0.0066835
                  69,            0.025575,            0.028346,           0.0016807,             0.98809,             0.99244,             0.99349,             0.67902,            0.016437,            0.021459,          0.00060498,            0.006634,            0.006634,            0.006634
                  70,            0.026257,            0.028448,           0.0020985,             0.98893,             0.99686,             0.99256,             0.68086,            0.015832,            0.021504,          0.00059216,           0.0065845,           0.0065845,           0.0065845
                  71,            0.024308,            0.028176,           0.0018155,             0.98293,             0.99561,              0.9927,             0.66884,            0.016255,            0.022375,          0.00058184,            0.006535,            0.006535,            0.006535
                  72,            0.025354,            0.027819,            0.001576,             0.99128,             0.99522,             0.99201,             0.67893,            0.015632,            0.021487,          0.00058733,           0.0064855,           0.0064855,           0.0064855
                  73,            0.025593,            0.029629,           0.0017662,              0.9873,             0.99478,             0.99345,             0.67605,             0.01644,            0.021176,          0.00068699,            0.006436,            0.006436,            0.006436
                  74,            0.024879,            0.026364,           0.0020228,             0.99027,             0.99323,              0.9924,              0.6857,            0.016834,            0.021063,          0.00061231,           0.0063865,           0.0063865,           0.0063865
                  75,            0.025153,             0.02882,           0.0016828,             0.98055,             0.99686,             0.99227,             0.68781,            0.016269,            0.021498,          0.00061226,            0.006337,            0.006337,            0.006337
                  76,            0.024872,            0.026758,           0.0020204,             0.98628,             0.99631,             0.99357,             0.67639,            0.016319,            0.021096,          0.00066569,           0.0062875,           0.0062875,           0.0062875
                  77,            0.024213,            0.027864,           0.0020139,             0.98018,             0.99686,             0.99292,             0.68613,            0.015739,            0.021639,          0.00063438,            0.006238,            0.006238,            0.006238
                  78,            0.024743,            0.027217,           0.0019478,             0.98794,             0.99199,             0.99129,             0.68863,            0.015616,            0.020558,          0.00074626,           0.0061885,           0.0061885,           0.0061885
                  79,            0.024787,            0.027204,           0.0020483,             0.98725,             0.99651,             0.99269,             0.67595,            0.016058,            0.021601,          0.00062336,            0.006139,            0.006139,            0.006139
                  80,            0.023402,            0.027537,           0.0013855,             0.98416,             0.99338,             0.99272,             0.66794,            0.016374,            0.021809,          0.00063933,           0.0060895,           0.0060895,           0.0060895
                  81,            0.023762,            0.028188,           0.0016299,             0.97908,             0.97984,             0.99188,             0.66249,            0.016474,            0.022785,          0.00070952,             0.00604,             0.00604,             0.00604
                  82,            0.024649,            0.027463,           0.0018277,             0.98407,              0.9963,             0.99258,             0.66904,            0.016611,            0.021602,          0.00062993,           0.0059905,           0.0059905,           0.0059905
                  83,            0.024493,            0.026992,           0.0019409,             0.98412,              0.9948,             0.99183,              0.6604,            0.016225,            0.022557,          0.00065498,            0.005941,            0.005941,            0.005941
                  84,            0.023454,            0.027467,           0.0015827,             0.94946,             0.98274,             0.99134,             0.66608,            0.016494,            0.022797,           0.0014732,           0.0058915,           0.0058915,           0.0058915
                  85,            0.023736,            0.027391,           0.0016934,             0.98556,             0.99478,             0.99113,             0.67553,            0.015988,            0.021775,          0.00060579,            0.005842,            0.005842,            0.005842
                  86,             0.02371,            0.027351,           0.0015058,             0.98579,             0.99686,             0.99198,             0.68555,             0.01581,            0.021944,          0.00062199,           0.0057925,           0.0057925,           0.0057925
                  87,            0.023883,             0.02704,           0.0014288,             0.98471,             0.99686,              0.9924,             0.67568,            0.016079,            0.022365,          0.00060929,            0.005743,            0.005743,            0.005743
                  88,            0.023509,            0.026944,           0.0016871,             0.98156,             0.99686,             0.99297,             0.67869,            0.016481,            0.022609,          0.00063588,           0.0056935,           0.0056935,           0.0056935
                  89,            0.023199,            0.027349,           0.0014333,             0.98613,             0.99678,             0.99152,              0.6841,            0.016078,            0.022551,           0.0006435,            0.005644,            0.005644,            0.005644
                  90,            0.024615,            0.028241,           0.0014639,              0.9899,             0.99686,             0.99129,              0.6792,            0.016186,            0.022533,          0.00053848,           0.0055945,           0.0055945,           0.0055945
                  91,            0.023368,            0.026333,           0.0017392,             0.98885,             0.99612,             0.99285,             0.69833,            0.015532,            0.021565,          0.00060101,            0.005545,            0.005545,            0.005545
                  92,            0.023391,            0.027272,           0.0018913,             0.98345,             0.99686,             0.99274,             0.69133,            0.015611,            0.022113,          0.00058537,           0.0054955,           0.0054955,           0.0054955
                  93,            0.023193,            0.026667,            0.001392,             0.98234,              0.9965,             0.99277,             0.69941,              0.0155,             0.02262,          0.00058029,            0.005446,            0.005446,            0.005446
                  94,            0.023554,            0.026653,           0.0016215,             0.98524,             0.99686,             0.99255,             0.68646,            0.015784,            0.022211,           0.0006139,           0.0053965,           0.0053965,           0.0053965
                  95,            0.022996,            0.026085,           0.0012961,             0.98444,             0.99645,             0.99134,             0.70191,            0.015668,            0.021886,          0.00066774,            0.005347,            0.005347,            0.005347
                  96,             0.02299,            0.026059,           0.0016388,             0.98417,             0.99279,             0.99103,             0.68912,            0.016231,            0.022313,          0.00054627,           0.0052975,           0.0052975,           0.0052975
                  97,            0.023089,             0.02551,            0.001577,             0.98153,             0.99686,             0.99184,             0.67882,            0.016422,            0.022958,          0.00056131,            0.005248,            0.005248,            0.005248
                  98,            0.022739,            0.025981,           0.0014507,             0.97859,             0.99686,             0.99232,             0.65922,            0.016437,            0.023517,          0.00055726,           0.0051985,           0.0051985,           0.0051985
                  99,            0.022683,            0.026915,           0.0010988,             0.98271,             0.99248,             0.99225,             0.68376,            0.015791,             0.02261,          0.00056065,            0.005149,            0.005149,            0.005149
                 100,            0.022417,            0.026998,           0.0015602,             0.98098,             0.99556,             0.99263,              0.6916,            0.015296,            0.021932,          0.00065897,           0.0050995,           0.0050995,           0.0050995
                 101,            0.022526,            0.026476,           0.0016797,             0.98109,             0.99686,             0.99144,             0.68404,            0.015987,            0.022769,          0.00063252,             0.00505,             0.00505,             0.00505
                 102,             0.02254,            0.026773,           0.0014721,             0.98995,               0.993,              0.9918,             0.69799,            0.015646,            0.022264,          0.00056822,           0.0050005,           0.0050005,           0.0050005
                 103,            0.022455,             0.02525,           0.0018259,             0.98307,             0.98633,             0.99196,             0.69394,            0.016081,             0.02255,          0.00098049,            0.004951,            0.004951,            0.004951
                 104,            0.022261,            0.026551,           0.0019292,             0.98277,              0.9956,              0.9904,             0.68901,             0.01589,            0.022778,          0.00061782,           0.0049015,           0.0049015,           0.0049015
                 105,            0.022693,            0.025667,           0.0014521,             0.98704,             0.99686,             0.99212,             0.69236,            0.015524,            0.021279,          0.00061532,            0.004852,            0.004852,            0.004852
                 106,            0.021342,            0.027171,           0.0012702,             0.98269,             0.99465,             0.99112,             0.69709,            0.015443,            0.021064,          0.00071699,           0.0048025,           0.0048025,           0.0048025
                 107,            0.022092,            0.025982,           0.0011493,             0.97989,             0.99654,             0.99149,             0.69256,            0.015588,            0.021571,          0.00070576,            0.004753,            0.004753,            0.004753
                 108,            0.021724,            0.026718,           0.0013216,             0.98667,             0.99383,             0.99147,             0.68721,            0.015554,            0.022171,          0.00055862,           0.0047035,           0.0047035,           0.0047035
                 109,            0.021351,            0.024796,           0.0012119,             0.98557,             0.99686,             0.99165,             0.69808,            0.015233,            0.022167,          0.00057925,            0.004654,            0.004654,            0.004654
                 110,            0.021252,            0.026354,           0.0010189,             0.98605,             0.99567,             0.99279,             0.69085,            0.015565,            0.022007,          0.00066311,           0.0046045,           0.0046045,           0.0046045
                 111,            0.021614,            0.026678,            0.001446,             0.98345,             0.99686,             0.99106,             0.68074,            0.015862,            0.022805,          0.00056007,            0.004555,            0.004555,            0.004555
                 112,            0.022692,            0.026373,           0.0016207,             0.98428,             0.99649,             0.99181,             0.67941,            0.015665,            0.022997,          0.00053697,           0.0045055,           0.0045055,           0.0045055
                 113,            0.021903,            0.025334,           0.0014583,             0.97999,             0.99686,             0.99172,             0.68445,            0.015716,            0.022676,          0.00055336,            0.004456,            0.004456,            0.004456
                 114,            0.021081,            0.025595,            0.001565,             0.97244,             0.99567,             0.99218,             0.69165,            0.015426,            0.022715,          0.00068192,           0.0044065,           0.0044065,           0.0044065
                 115,            0.021689,            0.025231,           0.0014706,             0.97972,             0.99471,             0.99225,             0.69984,            0.015462,            0.022871,          0.00057837,            0.004357,            0.004357,            0.004357
                 116,            0.022201,             0.02732,           0.0009865,             0.98402,             0.99217,             0.99229,             0.69714,            0.015361,            0.022105,          0.00058153,           0.0043075,           0.0043075,           0.0043075
                 117,            0.021324,            0.025215,            0.001853,               0.987,              0.9964,             0.99264,             0.69986,            0.015658,            0.021974,          0.00056327,            0.004258,            0.004258,            0.004258
                 118,            0.021837,            0.026117,            0.001418,             0.98424,             0.98587,             0.99016,             0.69668,            0.015438,            0.021672,            0.001118,           0.0042085,           0.0042085,           0.0042085
                 119,            0.021673,            0.026021,           0.0017277,             0.98671,             0.98655,             0.99201,             0.70439,            0.015369,             0.02126,          0.00096037,            0.004159,            0.004159,            0.004159
                 120,            0.021446,            0.025756,           0.0014365,             0.97824,             0.99213,             0.99169,              0.7001,            0.015288,             0.02159,          0.00086021,           0.0041095,           0.0041095,           0.0041095
                 121,            0.021048,            0.025186,           0.0012814,             0.98336,             0.99686,             0.99261,             0.69822,            0.015155,            0.021909,          0.00059045,             0.00406,             0.00406,             0.00406
                 122,            0.021553,            0.025715,           0.0013287,             0.99157,             0.99216,             0.99279,             0.70005,            0.015314,            0.021679,          0.00060028,           0.0040105,           0.0040105,           0.0040105
                 123,            0.020944,            0.023732,           0.0011961,             0.98817,             0.99686,             0.99218,              0.6893,            0.015516,            0.021962,          0.00057569,            0.003961,            0.003961,            0.003961
                 124,            0.020935,            0.025359,           0.0011525,             0.98317,             0.99608,             0.99161,             0.67671,            0.015965,            0.022466,          0.00056859,           0.0039115,           0.0039115,           0.0039115
                 125,             0.02114,            0.024397,           0.0013177,             0.99003,             0.98825,             0.99168,             0.69224,            0.015327,             0.02242,          0.00056667,            0.003862,            0.003862,            0.003862
                 126,             0.02039,            0.023296,           0.0010957,              0.9838,             0.99144,             0.99223,             0.69823,            0.015443,            0.022007,          0.00054602,           0.0038125,           0.0038125,           0.0038125
                 127,            0.020579,            0.024865,           0.0013012,             0.98535,             0.99578,             0.99139,             0.69008,            0.015353,            0.022064,          0.00053747,            0.003763,            0.003763,            0.003763
                 128,            0.020985,            0.024805,           0.0013265,             0.98262,             0.99626,             0.99156,             0.69506,            0.015181,              0.0219,          0.00056481,           0.0037135,           0.0037135,           0.0037135
                 129,             0.02016,            0.024999,          0.00097649,             0.98608,             0.99569,             0.99174,             0.70407,              0.0152,            0.021659,          0.00054916,            0.003664,            0.003664,            0.003664
                 130,            0.020256,            0.024288,           0.0015695,              0.9859,             0.99474,             0.99265,             0.70096,            0.015209,            0.022288,          0.00052434,           0.0036145,           0.0036145,           0.0036145
                 131,            0.020557,            0.024211,           0.0012439,             0.98197,             0.99686,             0.99177,             0.70323,            0.015328,            0.022141,          0.00052029,            0.003565,            0.003565,            0.003565
                 132,            0.020146,            0.023846,           0.0013191,             0.98567,             0.99686,             0.99223,             0.69951,            0.015144,            0.022769,          0.00054603,           0.0035155,           0.0035155,           0.0035155
                 133,            0.019879,            0.024954,           0.0012204,             0.98838,             0.99284,               0.992,             0.69747,            0.015372,            0.022308,           0.0005468,            0.003466,            0.003466,            0.003466
                 134,            0.020466,            0.024554,          0.00097867,             0.98154,             0.99602,             0.99268,             0.69531,            0.015139,            0.022403,          0.00061149,           0.0034165,           0.0034165,           0.0034165
                 135,            0.020524,            0.024002,           0.0017641,             0.98279,             0.99677,             0.99121,             0.70026,            0.015504,            0.022468,          0.00054988,            0.003367,            0.003367,            0.003367
                 136,            0.020145,            0.025069,           0.0010058,             0.98168,             0.99646,             0.99079,             0.69779,            0.015327,            0.022016,          0.00059919,           0.0033175,           0.0033175,           0.0033175
                 137,            0.019933,            0.023958,           0.0016686,             0.98017,              0.9963,             0.99108,             0.69343,            0.015489,            0.021843,          0.00055939,            0.003268,            0.003268,            0.003268
                 138,            0.020227,            0.024138,           0.0015677,             0.98095,             0.99633,             0.99027,             0.70023,            0.015122,             0.02174,          0.00054835,           0.0032185,           0.0032185,           0.0032185
                 139,            0.019997,            0.023991,           0.0011283,             0.98292,             0.99686,             0.99201,             0.69426,            0.015518,              0.0226,          0.00053139,            0.003169,            0.003169,            0.003169
                 140,            0.019827,            0.024183,           0.0010859,             0.98457,             0.99518,             0.99234,             0.69127,            0.015293,            0.022222,          0.00051052,           0.0031195,           0.0031195,           0.0031195
                 141,             0.01986,            0.023679,          0.00074951,             0.98369,             0.99644,             0.99205,             0.70199,            0.015168,            0.022234,          0.00051329,             0.00307,             0.00307,             0.00307
                 142,            0.019762,            0.022934,           0.0012062,             0.98234,             0.99468,             0.99231,             0.70105,            0.015391,            0.022963,           0.0005374,           0.0030205,           0.0030205,           0.0030205
                 143,            0.019522,            0.024315,          0.00079419,             0.98674,             0.99686,             0.99259,             0.70444,            0.015098,            0.022547,          0.00054089,            0.002971,            0.002971,            0.002971
                 144,            0.020423,            0.024182,           0.0011812,             0.98571,             0.99686,             0.99303,             0.70605,            0.015088,            0.022028,          0.00054864,           0.0029215,           0.0029215,           0.0029215
                 145,            0.020125,            0.023371,           0.0013611,             0.98599,             0.99504,             0.99229,             0.70363,            0.015098,            0.022007,          0.00055755,            0.002872,            0.002872,            0.002872
                 146,             0.01965,            0.024325,           0.0011934,             0.98212,             0.99486,             0.99163,             0.70851,            0.014894,            0.022162,          0.00064851,           0.0028225,           0.0028225,           0.0028225
                 147,            0.019933,            0.023434,          0.00096737,              0.9849,             0.99007,             0.99104,             0.70705,            0.015113,            0.022009,          0.00058519,            0.002773,            0.002773,            0.002773
                 148,            0.019958,            0.022386,          0.00094866,             0.98438,             0.99613,             0.99162,              0.7017,            0.014913,            0.022173,          0.00056948,           0.0027235,           0.0027235,           0.0027235
                 149,            0.019712,            0.023506,          0.00091299,             0.98453,             0.99686,             0.99068,              0.6945,            0.015116,            0.022797,          0.00052631,            0.002674,            0.002674,            0.002674
                 150,            0.020267,            0.023471,            0.001021,             0.98404,             0.99686,             0.99195,             0.69968,            0.014943,            0.022815,          0.00052093,           0.0026245,           0.0026245,           0.0026245
                 151,            0.019913,            0.024046,           0.0010811,             0.98466,             0.99686,             0.99114,             0.71006,             0.01498,            0.022196,          0.00052115,            0.002575,            0.002575,            0.002575
                 152,            0.019059,            0.023734,          0.00063129,             0.98529,             0.99686,              0.9921,             0.70344,            0.015078,            0.022532,          0.00051899,           0.0025255,           0.0025255,           0.0025255
                 153,            0.019518,            0.024015,           0.0010053,             0.98447,             0.99606,             0.99258,             0.70639,            0.015025,             0.02279,          0.00053686,            0.002476,            0.002476,            0.002476
                 154,            0.019424,            0.023961,           0.0012056,             0.99052,              0.9938,             0.99237,             0.70539,            0.014946,            0.022259,          0.00052333,           0.0024265,           0.0024265,           0.0024265
                 155,            0.019437,            0.023285,          0.00093034,             0.98059,             0.99637,             0.99272,             0.68951,            0.015467,            0.023412,          0.00053457,            0.002377,            0.002377,            0.002377
                 156,             0.01929,            0.023132,           0.0010489,             0.98238,             0.99626,             0.99186,             0.69507,            0.015173,            0.022998,          0.00055797,           0.0023275,           0.0023275,           0.0023275
                 157,            0.019351,            0.023588,           0.0011497,             0.98352,             0.99686,             0.99214,             0.69828,            0.015207,            0.023241,          0.00059847,            0.002278,            0.002278,            0.002278
                 158,            0.019711,            0.024449,           0.0009637,             0.98339,             0.99686,             0.99208,             0.71044,            0.014849,            0.022545,          0.00056444,           0.0022285,           0.0022285,           0.0022285
                 159,            0.019114,            0.023357,          0.00087598,             0.98532,             0.99686,             0.99177,             0.70955,            0.014961,            0.022516,          0.00054984,            0.002179,            0.002179,            0.002179
                 160,            0.018697,            0.023901,          0.00087698,             0.98254,              0.9966,             0.99169,             0.69759,            0.015418,            0.023243,          0.00055188,           0.0021295,           0.0021295,           0.0021295
                 161,             0.01934,            0.023194,          0.00080236,             0.98374,             0.99549,             0.99112,             0.70048,            0.015022,            0.022826,          0.00054989,             0.00208,             0.00208,             0.00208
                 162,            0.019039,            0.023462,          0.00094739,             0.98422,             0.99677,             0.99187,             0.71107,            0.015138,            0.022506,          0.00053022,           0.0020305,           0.0020305,           0.0020305
                 163,            0.019385,            0.023247,          0.00075642,              0.9851,             0.99517,             0.99192,             0.71128,            0.015319,            0.022535,          0.00053885,            0.001981,            0.001981,            0.001981
                 164,            0.019351,            0.024268,          0.00084324,             0.98863,             0.99686,             0.99182,             0.71123,            0.015059,            0.022423,          0.00055289,           0.0019315,           0.0019315,           0.0019315
                 165,            0.019013,            0.022779,          0.00068847,               0.986,             0.99686,             0.99168,             0.70817,            0.015112,            0.022551,          0.00053197,            0.001882,            0.001882,            0.001882
                 166,            0.018749,            0.023238,          0.00080352,             0.98318,             0.99686,             0.99111,             0.70206,            0.015007,             0.02266,          0.00054148,           0.0018325,           0.0018325,           0.0018325
                 167,            0.018705,            0.023172,           0.0011333,             0.98481,             0.99683,             0.99098,              0.7058,            0.014907,            0.022869,          0.00054742,            0.001783,            0.001783,            0.001783
                 168,              0.0183,            0.022574,          0.00087786,             0.98657,             0.99686,             0.99177,             0.70489,            0.015179,            0.023194,          0.00054342,           0.0017335,           0.0017335,           0.0017335
                 169,            0.018974,            0.022705,          0.00082923,             0.98676,             0.99643,             0.99217,             0.70341,            0.015309,            0.023216,          0.00053654,            0.001684,            0.001684,            0.001684
                 170,            0.018364,             0.02325,          0.00088006,             0.98427,             0.99638,             0.99214,             0.70551,            0.015121,            0.023269,          0.00055553,           0.0016345,           0.0016345,           0.0016345
                 171,            0.018924,             0.02329,          0.00082028,             0.98502,              0.9951,             0.99178,             0.70874,            0.014963,            0.022916,          0.00060461,            0.001585,            0.001585,            0.001585
                 172,            0.018919,            0.021817,          0.00078945,             0.98614,             0.99686,             0.99239,             0.70617,            0.014989,            0.023111,          0.00052974,           0.0015355,           0.0015355,           0.0015355
                 173,            0.018805,             0.02296,          0.00087558,             0.98617,             0.99259,             0.99188,             0.70671,            0.014981,            0.022971,            0.000513,            0.001486,            0.001486,            0.001486
                 174,            0.018878,            0.022669,          0.00086869,             0.98421,             0.99657,             0.99154,             0.70504,            0.014978,            0.022925,          0.00051195,           0.0014365,           0.0014365,           0.0014365
                 175,            0.018638,            0.022738,           0.0010177,             0.98308,             0.99686,             0.99216,             0.70082,            0.015089,            0.022772,           0.0005042,            0.001387,            0.001387,            0.001387
                 176,            0.018732,            0.022904,           0.0010275,             0.98337,             0.99686,             0.99221,             0.71276,            0.014778,            0.022615,          0.00056108,           0.0013375,           0.0013375,           0.0013375
                 177,            0.018771,            0.022466,           0.0011913,             0.97934,             0.99657,             0.99177,             0.70926,            0.014831,             0.02275,           0.0006731,            0.001288,            0.001288,            0.001288
                 178,            0.018145,            0.022062,          0.00076525,             0.97783,             0.99647,             0.99139,             0.71198,            0.014941,             0.02309,          0.00075877,           0.0012385,           0.0012385,           0.0012385
                 179,             0.01827,             0.02226,          0.00090172,             0.98154,             0.99686,             0.99186,             0.71309,            0.014776,            0.022879,          0.00054386,            0.001189,            0.001189,            0.001189
                 180,            0.019212,            0.022426,           0.0011301,             0.98208,             0.99686,             0.99147,             0.70665,            0.015038,            0.023036,          0.00051953,           0.0011395,           0.0011395,           0.0011395
                 181,            0.018201,            0.022914,          0.00081664,              0.9835,             0.99686,             0.99203,             0.70739,            0.014873,            0.022893,           0.0005233,             0.00109,             0.00109,             0.00109
                 182,            0.018208,            0.023532,          0.00082744,             0.98328,             0.99686,             0.99205,             0.70636,            0.014888,            0.022782,          0.00052615,           0.0010405,           0.0010405,           0.0010405
                 183,            0.017981,            0.023245,          0.00093738,             0.98631,             0.99686,             0.99184,             0.70696,            0.014919,            0.022776,          0.00054318,            0.000991,            0.000991,            0.000991
                 184,            0.017965,            0.023148,          0.00083971,             0.98321,             0.99686,             0.99173,             0.71475,            0.014869,            0.022726,           0.0005435,           0.0009415,           0.0009415,           0.0009415
                 185,            0.018206,            0.022862,          0.00073208,             0.98456,             0.99686,             0.99203,             0.71172,            0.014981,            0.023253,          0.00052876,            0.000892,            0.000892,            0.000892
                 186,            0.017752,            0.022337,           0.0006225,             0.98612,             0.99686,             0.99221,             0.71197,            0.015035,            0.023485,          0.00052292,           0.0008425,           0.0008425,           0.0008425
                 187,            0.018131,            0.021915,          0.00073861,             0.98591,             0.99686,             0.99222,             0.71142,            0.014985,            0.023487,          0.00051998,            0.000793,            0.000793,            0.000793
                 188,            0.017944,            0.022854,           0.0011442,             0.98626,             0.99686,             0.99196,             0.70656,            0.014988,             0.02325,          0.00052382,           0.0007435,           0.0007435,           0.0007435
                 189,            0.017635,            0.021894,          0.00068166,              0.9869,             0.99686,             0.99185,              0.7059,            0.014913,            0.023022,          0.00052882,            0.000694,            0.000694,            0.000694
                 190,             0.01818,            0.022994,          0.00089531,             0.98702,             0.99516,             0.99209,             0.71241,            0.014841,            0.022814,          0.00053778,           0.0006445,           0.0006445,           0.0006445
                 191,            0.017895,            0.022995,          0.00065246,             0.98619,             0.99527,             0.99237,              0.7125,            0.014782,            0.022833,          0.00055123,            0.000595,            0.000595,            0.000595
                 192,            0.018179,            0.021829,           0.0005815,             0.98585,             0.99455,             0.99224,             0.71014,             0.01486,            0.023164,          0.00055694,           0.0005455,           0.0005455,           0.0005455
                 193,            0.017989,            0.022143,          0.00083962,             0.98509,             0.99526,             0.99245,             0.71104,            0.014856,            0.023346,          0.00053208,            0.000496,            0.000496,            0.000496
                 194,            0.017849,            0.022532,           0.0010146,             0.98648,             0.99451,              0.9926,             0.71361,            0.014891,            0.023274,          0.00052131,           0.0004465,           0.0004465,           0.0004465
                 195,            0.017734,            0.022566,          0.00080689,             0.98352,              0.9968,             0.99245,             0.71361,             0.01479,            0.023166,          0.00052192,            0.000397,            0.000397,            0.000397
                 196,            0.017873,            0.022234,          0.00065075,             0.98588,             0.99469,             0.99259,             0.70767,             0.01491,            0.023206,           0.0005228,           0.0003475,           0.0003475,           0.0003475
                 197,            0.018061,            0.022466,          0.00068249,             0.98637,             0.99467,             0.99262,             0.71286,            0.014803,            0.023068,          0.00052749,            0.000298,            0.000298,            0.000298
                 198,            0.017289,            0.021678,          0.00067015,             0.98379,             0.99686,             0.99265,             0.71262,             0.01477,             0.02302,          0.00052807,           0.0002485,           0.0002485,           0.0002485
                 199,             0.01781,            0.021384,          0.00095751,             0.98371,             0.99686,             0.99246,             0.71245,            0.014862,             0.02322,          0.00053327,            0.000199,            0.000199,            0.000199
